{
  "manifest.json": 1611645279914,
  "model/models.js": 1611218862276,
  "i18n/i18n.properties": 1611218862276,
  "controller/Main.controller.js": 1611560338857,
  "Component.js": 1611560068596,
  "manifest-bundle.zip": 1611645279582,
  "Component-preload.js": 1611645279881,
  "controller/Main-dbg.controller.js": 1611560338857,
  "model/models-dbg.js": 1611218862276,
  "Component-dbg.js": 1611560068596,
  "resources.json": 1611645279916,
  "view/Main.view.xml": 1611560518946,
  "css/style.css": 1611218862276,
  "index.html": 1611218862276
}